{"frames": {

"bolt1.png":
{
	"frame": {"x":2,"y":34,"w":69,"h":30},
	"rotated": false,
	"trimmed": false,
	"spriteSourceSize": {"x":0,"y":0,"w":69,"h":30},
	"sourceSize": {"w":69,"h":30}
},
"bolt2.png":
{
	"frame": {"x":2,"y":2,"w":69,"h":30},
	"rotated": false,
	"trimmed": false,
	"spriteSourceSize": {"x":0,"y":0,"w":69,"h":30},
	"sourceSize": {"w":69,"h":30}
}},
"meta": {
	"app": "http://www.texturepacker.com",
	"version": "1.0",
	"image": "bolt.png",
	"format": "RGBA8888",
	"size": {"w":128,"h":128},
	"scale": "1",
	"smartupdate": "$TexturePacker:SmartUpdate:295dd17d08a3ab12d62b9f6f9fcb1ed6$"
}
}
