{"frames": {

"player1.png":
{
	"frame": {"x":264,"y":2,"w":129,"h":170},
	"rotated": false,
	"trimmed": false,
	"spriteSourceSize": {"x":0,"y":0,"w":129,"h":170},
	"sourceSize": {"w":129,"h":170}
},
"player2.png":
{
	"frame": {"x":133,"y":2,"w":129,"h":170},
	"rotated": false,
	"trimmed": false,
	"spriteSourceSize": {"x":0,"y":0,"w":129,"h":170},
	"sourceSize": {"w":129,"h":170}
},
"player3.png":
{
	"frame": {"x":2,"y":174,"w":129,"h":170},
	"rotated": false,
	"trimmed": false,
	"spriteSourceSize": {"x":0,"y":0,"w":129,"h":170},
	"sourceSize": {"w":129,"h":170}
},
"player4.png":
{
	"frame": {"x":2,"y":2,"w":129,"h":170},
	"rotated": false,
	"trimmed": false,
	"spriteSourceSize": {"x":0,"y":0,"w":129,"h":170},
	"sourceSize": {"w":129,"h":170}
}},
"meta": {
	"app": "http://www.texturepacker.com",
	"version": "1.0",
	"image": "player.png",
	"format": "RGBA8888",
	"size": {"w":512,"h":512},
	"scale": "1",
	"smartupdate": "$TexturePacker:SmartUpdate:5a4d64945d7ef823811f6815fcc5b903$"
}
}
